{"best valid": 0.4699704813634509, "valid ndcg@100": 0.46673456390498125, "train ndcg@100": 0.7720768080825882, "_timestamp": 1686433715.930554, "_runtime": 2274.8955919742584, "_step": 20, "test ndcg@100": 0.4744161233617886, "test recall@20": 0.376752143933065, "test recall@50": 0.43751845679707035, "_wandb": {"runtime": 2299}}