{"epoch": 190, "best valid": 0.4549043838248861, "valid ndcg@100": 0.4464547897353769, "train ndcg@100": 0.6861295514602417, "_timestamp": 1686430306.7509904, "_runtime": 2281.2290275096893, "_step": 20, "test ndcg@100": 0.456675451887438, "test recall@20": 0.3605956912010705, "test recall@50": 0.422428163581376, "_wandb": {"runtime": 2305}}